[
  {
    "id": "c001",
    "name": "محل توصيل وسط البلد",
    "category": "خدمات",
    "address": "وسط البلد - قرب ميدان التحرير",
    "street_block": "بيرتي 2 شارع ال 27",
    "lat": 30.0444,
    "lng": 31.2357,
    "phone": "+201001234567",
    "hours": "9:00-22:00",
    "tags": [
      "توصيل",
      "كاش"
    ],
    "offline_icon": "",
    "description": "سريع وموثوق",
    "owner_incentive": "خصم لأول تسجيل",
    "verified": false,
    "availability": true
  },
  {
    "id": "c002",
    "name": "سوبر ماركت النيل",
    "category": "بقالة",
    "address": "شارع الأربعين",
    "street_block": "شارع الأربعين",
    "lat": 30.046,
    "lng": 31.238,
    "phone": "+201002345678",
    "hours": "8:00-23:00",
    "tags": [
      "طازج",
      "دليفري"
    ],
    "offline_icon": "",
    "description": "مفتوح الآن",
    "owner_incentive": "",
    "verified": false,
    "availability": true
  },
  {
    "id": "c003",
    "name": "صيدلية الريحان",
    "category": "صيدلية",
    "address": "جسر السويس - جانب",
    "street_block": "جسر السويس",
    "lat": 30.045,
    "lng": 31.24,
    "phone": "+201003456789",
    "hours": "24 ساعة",
    "tags": [
      "24/7"
    ],
    "offline_icon": "",
    "description": "",
    "owner_incentive": "",
    "verified": false,
    "availability": true
  },
  {
    "id": "c004",
    "name": "قهوة الحلم",
    "category": "مقهى",
    "address": "شارع ال15",
    "street_block": "شارع ال15",
    "lat": 30.043,
    "lng": 31.233,
    "phone": "+201004567890",
    "hours": "7:00-1:00",
    "tags": [
      "واي فاي"
    ],
    "offline_icon": "",
    "description": "جلسة هادئة",
    "owner_incentive": "قهوة مجانية لأول 10",
    "verified": false,
    "availability": false
  },
  {
    "id": "c005",
    "name": "ورشة الخليج",
    "category": "خدمات",
    "address": "شارع 17",
    "street_block": "شارع 17",
    "lat": 30.042,
    "lng": 31.236,
    "phone": "+201005678901",
    "hours": "9:00-18:00",
    "tags": [
      "ميكانيكا"
    ],
    "offline_icon": "",
    "description": "",
    "owner_incentive": "",
    "verified": false,
    "availability": true
  },
  {
    "id": "c006",
    "name": "مكتبة الأمل",
    "category": "مكتبات",
    "address": "شارع 131",
    "street_block": "شارع 131",
    "lat": 30.041,
    "lng": 31.234,
    "phone": "+201006789012",
    "hours": "9:00-20:00",
    "tags": [
      "كتب",
      "قرطاسية"
    ],
    "offline_icon": "",
    "description": "",
    "owner_incentive": "",
    "verified": false,
    "availability": true
  },
  {
    "id": "c007",
    "name": "معمل التحاليل المركزي",
    "category": "خدمات طبية",
    "address": "حديقة بدر",
    "street_block": "حديقة بدر",
    "lat": 30.04,
    "lng": 31.239,
    "phone": "+201007890123",
    "hours": "8:00-16:00",
    "tags": [
      "تحاليل"
    ],
    "offline_icon": "",
    "description": "",
    "owner_incentive": "",
    "verified": false,
    "availability": false
  },
  {
    "id": "c008",
    "name": "تاكسي الحي",
    "category": "نقل",
    "address": "ميدان الحي",
    "street_block": "بيرتي 2",
    "lat": 30.044,
    "lng": 31.237,
    "phone": "+201008901234",
    "hours": "مفتوح",
    "tags": [
      "تاكسي"
    ],
    "offline_icon": "",
    "description": "",
    "owner_incentive": "",
    "verified": false,
    "availability": true
  },
  {
    "id": "c009",
    "name": "محل فاكهة وخضار",
    "category": "خضار وفاكهة",
    "address": "شارع ال27",
    "street_block": "بيرتي 2 شارع ال 27",
    "lat": 30.0441,
    "lng": 31.2365,
    "phone": "+201009012345",
    "hours": "7:00-22:00",
    "tags": [
      "طازج"
    ],
    "offline_icon": "",
    "description": "",
    "owner_incentive": "",
    "verified": false,
    "availability": true
  },
  {
    "id": "c010",
    "name": "ورش تعليم الحرف",
    "category": "تعليم",
    "address": "معهد طلائع الأزهري",
    "street_block": "معهد طلائع الأزهري",
    "lat": 30.0455,
    "lng": 31.235,
    "phone": "+201010123456",
    "hours": "9:00-15:00",
    "tags": [
      "تعليم"
    ],
    "offline_icon": "",
    "description": "",
    "owner_incentive": "",
    "verified": false,
    "availability": true
  }
]